5.512031262905731,5.296263474600591
5.830629607273935,4.771451871706864
-6.6074832345612275,-4.815366141467695
5.538003569299299,5.010655824335971
-5.756350745284303,-6.422253709597674
-6.515191062198552,-3.6331257325554756
4.496728717360179,5.5699392805645225
-6.778720248904278,-3.5039556885108167
-0.44643361455052827,0.19408999289830758
5.459614467287602,4.665927957230503
-4.755033428891277,-5.50694317537113
-1.9937356425714554,0.37405656984757213
0.6982233136135899,0.3934853854217496
-0.8036745679697308,1.6391168054440675
0.06447441481012024,-1.9754665663538713
5.26056121418967,5.322607792975028
-0.9232332461109043,-1.3516846056163336
-0.5816809139486437,-1.0147567306928669
5.120376589744284,6.300841557090197
-4.385833299956575,-4.242492289952695
-3.962460055742101,-5.510016398854747
-5.875618253384757,-6.3827997309643365
-5.646572884242526,-6.081548003614395
6.078654106632752,4.697142538498331
0.04886007032570433,0.04059169120388238
-4.954428160096186,-5.651600347605817
-3.413983183854648,-6.2378154988268495
5.658557533669932,4.94096573650446
4.95865965707865,4.9391262458083585
1.5307508323436974,1.2187618516973167
0.08228398927542419,1.0654803750653512
5.806139128994323,5.657457226792023
-5.4400444866969835,-4.869259422713909
4.914907688737536,4.773385975336362
-4.176829416038085,-4.926682032811597
0.07682189106025536,-1.2829922241885696
-5.450065471479244,-4.377150067652501
-0.3609661658190799,1.159329803364248
5.256800053284858,4.733649580169044
-6.703382439355154,-5.055547698896619
5.610516847762677,5.291048851734308
-0.1852876588777083,-0.12982069973342616
5.735585163746804,4.895338161424067
-0.0952955323869521,0.27902152577033923
-4.521020174253608,-4.666337894713052
-5.990536325130688,-5.566297729602772
-0.6514180036144483,-0.48388583405432156
0.7109599682034915,0.44426331148603976
1.3173940656343257,0.19759960469239965
0.7216720640432351,-1.1290517712172292
-3.5221059552584837,-5.518270218273647
-5.077101709414104,-4.658848025183356
0.5906548306923093,1.1087035805829077
-0.08973569428722672,1.4401172154494728
-4.252706394876738,-4.389629734566535
5.021801223186227,5.847525520215377
5.201865045168304,4.987902196804542
-0.18687164416135904,-0.4397310582741749
0.24380071377119883,-0.5640786307367284
0.1664522082130561,0.4924512640081491
-0.3216350512173826,2.076747983560841
4.678240884809928,5.463920064040619
-1.4026052717996935,1.7495767431869393
-4.375880182947845,-4.37165449073572
-5.151785095035583,-4.411682793515423
-4.975489825741057,-4.50200170875455
-4.633401753903152,-5.939879786327356
-4.638604394491586,-3.461963433534031
0.22391413406466143,1.3641404299738442
5.309577130502599,6.028747734855849
-0.1769472274940494,-0.7982972445384537
0.99626681944714,-0.4937565831613125
5.476568316956622,5.143562082600912
5.354107211628278,5.116608065631751
-5.34271451652677,-5.802277269221619
1.5505004928140769,-0.998354040738791
-5.715303709259969,-4.320402251065325
0.25602973431387566,0.9826909839455139
4.946348927997885,5.223858462905139
5.063189789773206,5.969464499529142
1.8466369960476658,-1.0700847663261526
-4.801915239232145,-5.144360411923943
-3.8571771854849795,-4.248066967313226
-0.15005558703252672,0.12557645347154225
-0.16711808031685435,0.14671368643332283
5.542893162469674,5.048991576735448
-6.448084341497324,-6.407463774376556
-0.6248185776956788,0.026091050210833786
-4.638363974952366,-5.645119754605124
1.0786808334312956,-0.03850846950070721
-6.669405281121372,-4.456639807620065
4.931275742686154,5.476437273601469
-6.062303713726105,-4.526407569364818
-1.556581898659751,-0.4281151609659125
-4.261533420004589,-4.82863171881003
-1.0016200098949155,-0.2811002928859549
-4.628854126628691,-5.60398518671582
-6.692464629714819,-3.470449680539386
0.1920491164900316,-0.3091164642025014
-3.5587267109338843,-6.435862151179439
0.028318376130461172,0.02975613949574519
-5.114539845252618,-3.7621836880265382
0.4400144500533324,-0.5020542243526112
5.528028404533026,5.11161945706458
5.6484972732805545,4.988565968850559
4.113483765896559,5.630960750356996
4.895488371356987,4.57473977289535
-0.07016571145864703,-1.6609609335159914
-4.928433762780608,-5.477657446765116
-5.699725507992586,-4.786020089265778
4.289094666629078,5.750666825977744
0.09612077694098337,-0.4622752887050425
5.592852077331498,5.359476655332533
-4.556180571853772,-4.225365946570664
6.322171673508517,4.248514835802423
4.9199336022166795,5.335670038225233
1.0225704320096403,2.439752406339273
4.402058468982408,5.22230133411007
-1.8408742313316453,-1.2795769667357015
-4.661503592505586,-5.415287913900801
-0.5589218472715883,0.37721187506452086
-3.534351231078446,-5.225776300486536
0.33088023221445706,0.8335289616089246
1.1487657003721035,-1.7397137787780996
-0.637739984251316,-0.5309969550018176
-4.177455087896811,-6.220843649971022
4.192434092047245,5.582369677228586
1.085895565831578,0.4746982328799528
0.12810441491078928,-0.6810516574748808
-5.25256815139316,-6.2477831819648495
-4.499082812375619,-5.977555244798551
5.389180538083319,4.724407141835734
-5.208122250357275,-5.493000934658832
5.4747770677206615,4.257551015775048
-0.7271371758248686,-0.24751863555150475
-0.5522230442809712,0.6329318177555108
-6.918771215299041,-5.026513875449217
0.5839281853259639,-0.35929209078705954
5.094790808299372,5.50052304628357
-5.035826039109952,-3.435356344185994
4.46880323592656,5.214153548603824
5.764234213206266,5.2539178781448115
-4.67728143966191,-5.827230943552323
0.8406435489887241,-0.6526239793023909
0.924027019206901,-0.18490213644298903
-4.045998236506797,-4.348608748694202
5.2299860714695585,4.661142315123947
-5.107030359954558,-6.035242322419374
5.1595872552095905,5.670225223011572
2.0883747047807275,-0.13958962815517376
-5.661786464768388,-4.147566665203776
6.037041334874987,4.540307704206788
1.3821589910375272,0.6487098875896427
-5.926930471578083,-5.0595253560618
-5.680024721578491,-4.767746302838996
-2.939252075118013,-3.2446591575567956
-4.890605205395107,-4.274233376101308
-6.594427658794367,-5.599375022953772
0.4940301862827388,0.2606737658239071
5.942293152967305,5.7716217641360945
-5.6518361078021595,-4.952601328683586
-3.3550322864987163,-5.249036039556378
-4.526762375426455,-5.072828912656873
-0.46770120131189136,0.3465038817307158
1.633431532301096,-1.146345393018688
4.840473032166691,4.601987071598256
5.354725908569519,4.782256814715078
-7.038124535177854,-6.008086310917404
5.317360734280885,5.5548499209781115
-4.208968052956953,-5.909387454794739
-0.32034730819432017,0.4241659464019164
-5.072010121580334,-3.996467102107976
0.2891686439078181,2.4553001399108942
4.672962158436288,4.084683551571771
-5.485363547829103,-4.918125860613677
5.161583857092391,4.926198706850665
-1.3598561409799192,0.7462535660272207
0.42961821913258585,0.20768768716311115
-1.0810633275998973,0.6159356069442637
-0.016422896072752075,1.188393273448084
-0.5176112990361714,0.2237879516388985
5.563025125386084,4.974303138205757
5.106598314118845,4.624015334130591
0.3885786045309641,2.4929995174327906
-6.627542437883163,-4.951915053338618
-5.7925207384327,-5.114736441466899
-1.2946814757209058,1.1608267873785194
-4.981581620810449,-3.323562687724717
-6.070892498061112,-4.517527584756815
0.597400069849858,0.7011727423108983
-5.007972641316617,-3.520055861109974
5.035026081556591,5.580939151304095
-0.5756378262377739,0.12200981464536144
5.183643656700671,5.919091838397561
4.679259202388524,5.21596127233697
-0.6255627015095294,0.39580353343740904
4.500348883852545,4.747612539385892
-1.344450511034277,-0.9186519464841982
-0.9913923494563072,-2.153390113603715
-0.42018681709585726,-0.2817846088605072
-2.8778438029873668,-3.967534739448853
0.650201177958661,-0.09917586377938291
-6.006017381499702,-6.214188612787732
4.935731244280535,4.059075477251181
0.6427227598675439,1.3291525301324314
5.866257499742546,6.115650073096316
5.1493764541828435,4.624104474952408
1.1950466289248425,-1.5231869047837747
-4.7190081322649675,-5.622699519820594
3.932162893010652,6.568874266829997
-4.689092434401996,-3.524643783050448
-6.870791921025855,-5.351513484041309
0.19584525509768155,-0.978372777615032
4.916439143106794,5.14128997524415
-4.429109489306833,-3.864434359819401
-4.9029224506519595,-4.031355009467111
-5.576771330568333,-4.244608774174244
-7.067442100039877,-5.089120039512788
0.39922312260527926,0.647195939702741
4.960179304377142,5.226185898124867
5.593693025782375,6.294781821009307
4.641588839698597,4.06673169146347
-2.499405714873573,2.2909425725907417
-0.9758732529773327,1.0536417966078395
5.331440634333706,5.5867369287426625
-0.213442870930208,1.490726136849952
4.880533950415153,4.816587794092656
-0.5711789897827968,0.5725827813561586
5.165990165284507,5.095249839889533
4.463930494007196,3.5393247582526963
0.5365098435704035,-0.8984679817910373
-3.694521192845671,-4.978996158367241
-4.9134102125271,-5.15567723539208
-5.6506425691218265,-5.487125383764696
5.188550196951093,4.985368593157511
4.918466518028118,4.627548677596775
4.697192230131568,5.913004856773468
-5.23894804686641,-5.907563662041598
0.5697672802322039,0.44770856001731496
-4.18713788116104,-4.370371158076388
0.9638791167949097,2.2105230015913513
-5.444293260076112,-4.622699506955148
-0.24032539815813503,-0.3748208075495975
0.03800347816820029,0.1200313267182613
1.4469778843537329,0.19655477651157463
-5.860413365283953,-5.384555544229825
0.5436001545944323,-0.37061433208610595
1.6654744444625766,1.0143700650181304
-5.898414671348358,-4.508080828493494
5.080286990524932,5.001523010076707
0.6127739050625697,-1.0534155631736561
-3.117975503524966,-3.6545799538450225
1.7275431701007113,0.4363236696740321
0.594754341665286,0.8534155587803077
4.613561166088195,5.203526143562268
-0.6269670577877674,1.8124485579969287
-1.0041407667520679,-0.7677975651041284
5.070443123455602,4.115780317218574
-6.534114170735622,-3.722323178101491
4.60755084345888,5.324140216921929
-0.11122606134870032,-0.9039076414647897
-5.315269244640346,-4.241030779506732
-1.4075116947178212,-0.7778166875908753
0.38193545223155334,0.43004164719106963
-6.328186048898431,-4.8031387641308765
5.348193723728357,5.477652604285256
-4.170594418816511,-7.211135309007885
4.718915986710849,4.895389063127736
4.986347730245034,4.533366020463402
-5.254977217420855,-3.496007011417311
4.909760043204687,6.59655378392243
-0.6881503451777238,2.2524358053443088
-0.03468488738678118,0.23421473253652075
-2.650969808393012,1.0915068519224618
-4.667685988020408,-5.748486536556554
-4.826819074148818,-4.6146826202711635
-0.2590421458207031,-0.19634984908497827
-4.77254006539587,-3.6928572457175717
5.806110314127713,5.4484196579327655
5.369405240443752,5.307683742006526
-3.371384454428708,-6.380101458214892
0.9980101098596522,-2.8962553781936893
0.6218099622171964,-1.5702247198904564
1.642015160136369,1.0098170893426341
-5.463417692812462,-5.4657297535702565
4.628764707150976,4.339988744389647
-0.4455025214007718,1.453384477117701
5.664097070924529,5.27811500470033
-3.597205689063901,-6.4018510627922804
4.717876200671306,5.092275651598518
-1.5566291735239037,0.6060099513456396
1.2276689924732922,-1.2096410186912054
5.487598814891215,5.250547084969923
-5.839217523222638,-5.309212375851215
4.237171842714953,5.631292051713591
0.01843393306539316,0.34758170536167105
-5.269874935293371,-5.978763715782307
4.725637546129519,5.0464224505705575
4.915928090707605,4.763954711151436
4.47654450865903,5.268326376263643
4.886757950575084,4.52028038163826
4.6988939698191095,5.234387128037512
0.7077519354554754,-0.5624667758942676
-0.19068240076334658,0.21743287317972287
5.650870644699399,5.7807555983634265
-0.48943944251822213,1.044160877069072
-6.320233207020642,-3.1685412341456463
4.781807054736715,4.945195098037084
4.804120925478089,4.538794907750749
5.161539636558015,4.873823248936856
4.21456192396575,4.436616265545098
5.608579260412748,5.7606580259612254
4.763080326464542,4.992773864560861
4.547133849568691,4.67311683067559
-4.939769790058974,-2.536757887514714
0.028181157369128247,-0.009118996644203544
-4.785906255869796,-6.2457387787119885
-4.930197915009981,-5.38531359686176
0.5931012579683838,-0.3095464393139903
5.010396853837704,4.635998529385433
0.3801978510059632,0.6105857452838231
5.1753150496367795,5.244593565073831
-5.471931865789434,-3.911049403032634
5.600206953972212,4.671552860514302
1.091310120594269,0.609138120907177
-1.448013900416244,-2.198805956620082
4.532280648977702,5.542991058087516
1.5475052013300616,1.7958776730955217
0.07863519031609059,-1.9982006845321076
4.990290197056134,4.848410108582862
-4.758037728433965,-6.913280244657798
-2.4266401967501396,-4.940781565985512
6.0066936237633115,5.068267665541368
5.27314212400185,5.003211134905469
-4.3523114618993075,-3.4769701435919744
-5.828995010922072,-5.560181040196969
-5.846793718068405,-6.514847224685864
-4.642984514034953,-5.692909595260654
-4.986998108122093,-3.546465922842683
0.918316606002313,-1.570500603623177
-6.191303497202648,-4.34344639136617
-6.067620429382594,-5.142379485021293
-0.9824873935383096,-0.2246331499970246
-6.289960899741054,-6.295078772063616
-1.9211191915447623,-3.8804250885654232
4.678225083841269,5.5149804087905805
1.246085192497629,-2.0733902324081495
0.5228354880354996,-0.573700003938579
4.645796616544769,4.243142803693586
5.033927755263702,5.426386837561109
-0.24123605785632987,0.3520553965142968
0.17086543812794186,-0.18398333635267913
5.6521701214390765,4.168754005982163
0.056649924897107164,0.5296927543567308
0.6387302220291846,-1.1430049127304835
5.550479817499285,5.979173727110297
-0.8323555731042287,0.4714155563864041
-3.9937071907855595,-5.576891869523148
-4.764385441891434,-4.229134806113033
4.876968755935025,4.578376702341904
-4.706927526701318,-5.714351418026368
-5.808493602893187,-5.501757043584536
5.218469084873175,5.595323137393171
-6.519369965954013,-5.4842340728662515
-1.6929568141953855,-0.09833962679474989
0.10420110395187607,-0.06259312789952241
4.8540943655422275,4.218404595651672
0.6523228784134196,-1.5763921569842494
4.875654436908227,5.8036727880099965
4.632704211600975,4.59487378149281
-7.123895724309807,-5.525755021680761
4.454516784892401,4.794592856022708
0.2337859117907477,-1.5558956462036273
5.863481925616703,4.800181907192699
1.6839276914578687,-0.45888426286894
-4.749507149654123,-4.653551790503024
-0.9393353938187543,-0.14408755572161547
-4.41314290619973,-2.8095443741900215
4.972552999691857,5.142777037428829
-1.0212328171307132,0.7083564472993533
-0.6013676439512137,0.31978193414253697
-2.5542480203831737,-4.870778818024773
0.9356783931474612,1.2715550949941588
-5.662623758945847,-4.429401331406841
-4.18648278263033,-6.230864316433955
-0.9896281365703375,0.9407711879882159
-4.740117205751576,-4.21817712822269
3.6483838535003814,5.338937659765453
-4.073822452468359,-3.0905833595298695
4.062413765177128,5.057513039573709
-0.7355299425897666,1.2360931752104374
-6.260883954335045,-4.082138052945224
-4.924195441806273,-5.677161711512111
4.429155442933247,4.903170270360141
-4.503285846988767,-5.138264301171184
4.247639812984499,5.380027981844801
0.6818914896263114,1.8467073257360336
4.694115454547357,4.981481601475794
0.6135179727304166,-1.0227925651984056
5.016002074532883,4.623291064826908
-4.6582440242228405,-3.1238291607841138
6.085471358748907,4.912057093783831
1.1492733262856758,-0.7031764251258874
-5.974681670227321,-4.212915396257548
-4.367218133893715,-2.729307142195604
-6.415370742050414,-5.420645322765359
-5.269406834444558,-4.282457744204038
-5.839721842180776,-5.599392645444022
5.280459723970619,4.85225984098542
-0.24717738252059693,-0.6819842479977986
-0.07049877805909122,0.4865016438262019
4.732335907023039,4.954733358847919
4.9085517794475795,5.6874382095740925
4.902545859823659,5.566885048433532
-5.020901593964148,-4.882672616691218
4.755575289106863,4.440191283355494
-5.392108153132158,-6.463514948132119
0.9163276747024814,0.3464884758979927
5.644876377041372,5.336590675634979
4.817523635228557,4.580395166330497
4.8867605540492365,5.183682753408089
4.838660080578932,4.874583491772476
-6.012831120334424,-4.685752667404726
4.4920890905108015,5.030839924923986
1.5945050632249722,-0.8469613483183278
4.6770179104377325,4.600403996674873
-6.106334974006028,-6.196206624080671
-4.994756300281817,-4.953019406235258
-0.6231405264247644,-0.5554771191602547
-4.673072626235838,-5.219100528808864
5.269148039524817,5.536253668654901
-0.08828204835125482,2.5797093376543185
5.041219876467252,4.271224250267535
5.088220777638613,4.816486080458339
-4.518990768263286,-4.776115975720868
-4.354624050414852,-3.631368442467651
4.950705933857869,5.009424811472424
-5.601706612229397,-3.147721815491062
5.383040139192345,5.613466611942154
5.090510779351853,4.351584026022077
0.18676676447707832,-0.7553829323533225
-5.702053093877352,-5.327662146597768
0.4933179008808892,0.1848361236948739
2.5600845382687947,-0.09605989972464987
-4.902323901451168,-5.773009783855467
-4.28838512191111,-6.1246420918378695
0.6585442726728304,2.0102045387663496
-0.5172884501003722,1.40934744018558
4.930772008008113,4.387850881855317
4.41494348697032,4.09900978120999
0.34272534637770413,0.4567532191537839
-2.8101970667823277,-5.808298285355152
4.454800461278577,5.705466189873135
-4.345634343645942,-5.055584670910455
-5.989604820258581,-5.125786920099648
5.061602403392243,5.275742688020234
4.776339052170624,5.640508180867556
0.7081086766885905,0.9567023167945841
-0.04015795064434341,-1.4307751021180481
-4.423443036944233,-4.688749845456464
0.9843223984765838,-0.21398884422550896
-7.619745104089745,-4.178097495624776
-1.1875984190295128,0.3098207102270275
5.49915544907398,4.784189843640976
0.7716987106483447,-2.8485426206300755
-0.5245202662797737,0.48937456122791806
-5.01851313599239,-5.288658638920138
-0.0349884904969617,1.77080063563551
4.888267008814074,4.8253416019409014
-5.248964148479073,-4.028429049045645
-5.1580078985789894,-5.42688106994742
-5.245388116002871,-5.753736164357489
0.08182935854756501,-0.09888965319114267
-6.3776693679570915,-5.937825039915123
4.932991416663541,5.007344097364599
-4.024880266582249,-5.1470573815021385
5.012109728336379,5.706110277707714
4.735691659125122,5.293182009377547
-0.6734906242438685,0.27899416222380197
4.58620488967564,5.043071941523188
5.746344284479761,4.864438199478716
5.044203443145924,5.738765040527631
-6.037246154326456,-5.1903386780836085
5.368421948546216,4.859336221440893
-5.8254971967925115,-5.321385841652994
-6.012104375260168,-6.654856671865769
-0.7539645888666763,-0.28067507686677406
-5.592393924238869,-5.863990769679816
-0.5227230205190395,1.0490092258368893
-5.783253292336237,-5.322061516205675
-0.5397596803093615,-0.7783047254023127
-5.487606224072493,-5.4325581878196205
5.289816586606788,5.162898158291084
5.456792313116624,4.598410524659828
-4.480653485758828,-3.4672610869974223
5.112342362875943,5.466295415936545
-0.6127886904843862,-0.38770155993598415
4.71174479963664,3.704478853927545
4.0103500948121065,5.373955128058767
-5.245743064085945,-5.27272356974767
-3.4207871844926085,-4.2325652708470916
-1.5839028234857233,0.7604146561442974
4.889373188207114,4.861593350055539
-5.460638770959788,-3.9428777737810843
-1.251539424190444,1.4437646040732595
0.19652116970147013,0.7090037575885123
-3.8418891264999324,-4.208337306037064
-4.127679363279322,-4.816657994261648
1.066674689589154,1.1692955904456728
-4.908239223464498,-6.987568914600892
-3.798786077836055,-5.408075373021552
-4.605547857621703,-5.4209844808202625
0.40825275571447184,-1.7025836042378404
5.028506562448542,5.134296139431629
-4.164307887934858,-6.129706854657618
-0.045586016355497805,0.24333944932269183
1.0495527153193351,-0.535235211560568
1.5033983017671506,0.8773622905756714
-4.313739809625487,-6.612715871189652
-5.589364756944212,-4.150397902978975
1.0291556373256436,0.472597482413043
-4.615934551060692,-5.032694748094093
5.233214991216763,4.982179258851258
-0.03955515385665504,0.6815006973726244
-4.17793984000551,-3.103207017346053
-8.241267340069072,-6.02438764133429
0.132969674146876,-0.7001208149391732
1.2557561255735208,-0.8946073022195039
0.7276295436369798,0.05194588580729943
-0.7859894605079495,-1.331232953557778
4.906427867497726,5.4928649978399315
4.260544215612936,5.091679959889578
-5.772825214537572,-5.236818606740009
4.986797121520537,5.140080579409803
-4.1288752965683075,-5.3260235321678415
-5.883857436201133,-4.846274894054472
-4.7295431742201615,-5.050238109449137
-0.019637798926681216,0.5524899544171478
4.913526970038289,5.855854240071172
5.553540334643486,4.939809418023201
-5.759132661553698,-4.849606213523792
-4.484952313693952,-1.1472685093452788
-5.219671887837512,-4.642887428488254
-4.944275087711305,-3.9058084815290517
-4.361407541222626,-6.66152006226896
0.8700677306887542,0.49568188797260465
5.771054976283938,6.003046444079562
-5.192360964781122,-4.698452657666388
-4.935719980904537,-6.077744777929306
-7.696886642941571,-5.054294866517812
-3.841404420992596,-5.820682318351711
-4.374332652234994,-5.857157556416283
-5.7303666317171364,-4.783541410418025
-0.7184072655691974,0.8949243769444413
4.8138966119644735,5.544374309852093
0.11422764866203965,0.1503017614618776
0.22213377163371284,-0.4787486216634773
-5.268888690554831,-6.10652590874167
-3.7330888508133775,-5.707669465618781
1.7976865268495226,0.6408428612670098
-0.07160125941406395,-0.03722223650984159
0.5500520990245519,-0.9683444548636353
5.484728600263368,5.213597180935842
-4.740277498278518,-5.904316625104409
5.1443468146399285,5.13016091938561
5.061335157997398,5.81233922923478
4.463628487130097,5.119623432055575
0.326133022242118,-1.251113576385303
-4.452902618829962,-5.202192652433894
4.69329866822953,4.848765156755936
5.3190255507203785,5.250422237472229
5.134563470622553,4.828403862251295
-4.587068545724375,-5.563724552803975
5.756724871621065,5.315405842277388
-4.951478372055173,-5.830950116411038
4.590900558288847,4.998312771294524
-0.02435459226098284,2.1422703586118637
0.7326400772155792,-0.08071658010858232
4.932845629264726,5.405404136579891
4.939525925696109,5.2097662219535135
4.947775390731264,4.915589138404995
4.5610087066217195,4.58655982298007
-5.889514429625523,-5.815810284965439
4.403037496800472,5.0714715473818535
-3.548856392204958,-4.0407291739147935
-4.912952931761829,-5.2990073504658675
-0.6373871273065177,1.1890165311075518
-0.22096417382966393,0.02688583899453078
-0.7043436905427592,-1.4084612963635597
-0.0821511783925688,1.1172958315881276
-6.724917832513032,-5.562287529240972
4.726877775873759,5.195902002701273
4.732018277442976,5.404028899140573
1.6725723868377034,0.4190190093660452
-4.922631692352382,-5.861284201328264
5.154025269752051,4.804175716289104
-3.3128583649274352,-4.1183602430505495
-7.471644500127289,-5.796895255470477
5.950595342876504,4.969669593092689
-3.234545759718903,-4.595018289039045
5.598285750832246,4.920735213486515
4.887572009095961,4.67499870958827
0.1335409047822823,-0.1524698363805439
4.2968412681640835,4.958447213685653
-5.790474455445312,-4.528531642864004
-4.791136404995244,-6.959670123879776
3.818533782229081,4.495134647645031
0.12522450264790727,-0.429405541125253
-0.5449190868089497,0.39913611435207086
-4.80094030442653,-5.600216877158795
-5.0327532702159985,-5.543424771133765
-1.092312764672579,-0.3164084496948019
4.290817133533484,4.119595594009612
0.2010990467149675,1.050654396007612
5.482425816548729,5.807791411774116
0.9817654869915943,-0.32483138350862245
-4.470195822084717,-3.5584313793420996
-1.389572466763596,-1.6453987469568918
4.992345075413502,5.2896457498005445
4.548149069634936,5.162179640860802
-4.994886543357539,-5.234587133375147
-5.712845782677165,-4.893569772308103
4.665463630670041,5.519952343698038
-4.903004035007282,-4.404842974563087
0.5689830791852754,1.628396623128538
4.78534888774137,4.653789510063072
-0.0036025390905684044,-1.1583646891925428
4.473158790426823,4.466098539210403
0.22445181855997204,1.0470983026121545
-5.223462785325851,-4.285999505907908
-0.483186462299374,1.5739867632900328
5.218279902078834,5.451967420543098
-6.304469500504853,-4.330327451169961
-4.13039407989434,-3.644362141195049
-0.9885911071509175,-1.103589317215771
5.2423664086472375,4.576821672504563
5.396744360276107,4.125734013380909
-1.5929937335316693,0.440474737960399
-1.0962750868952018,-1.4400508825942944
4.688675319132774,5.0973037276186215
5.819982264685697,5.371063745535946
0.19109906801990334,0.04643654815614881
4.500807280405854,5.150895949909733
-3.8322179383401926,-4.745579156698787
-4.495012721019543,-4.134244805829878
5.32795038826488,5.097368097359388
-5.600638689918805,-5.291693749793277
-1.1227220215622986,0.3824097461840506
4.385225202773792,5.248349611618261
-3.4768759227303425,-4.461089956315341
5.348477202255368,4.833090255121995
0.3078017688920592,-1.7101683926566256
0.1053755061459599,-1.3340254949182044
-5.469474385934952,-4.457439956414035
-6.6064463202575725,-4.796536364132777
5.227943886040804,6.082501172450542
-4.3180470287050365,-5.310266756593456
2.403415585238275,-0.05761879703358539
1.1894704889246406,-1.2276078151369925
5.100284598615471,5.574318674714357
-6.183258512665775,-7.0392321777601
5.362547893423999,5.258089143557479
4.676886345078098,5.887655446304756
3.787879869863529,5.442022698180525
0.7858001586508322,0.42545756178496474
4.870601968666449,5.799323585252359
-5.919424234233803,-3.4500655949824606
-0.36361221221385587,-0.056945623721067457
6.028103564970161,4.448395817139159
1.073631749859772,-1.0265152994110602
-5.0660797986473165,-6.211016199762456
-1.1105758454658288,1.7522704434236227
-4.243011383354649,-5.922165324177626
2.0752608726252655,-0.6891878180895679
0.8339221545489041,0.4591800792284367
-4.656381710431539,-6.763040155362734
-4.6759160306052046,-5.3850822804163165
4.099471132923631,4.728663100132989
-1.348185422105713,0.743264094022715
-6.713134529090878,-3.646127625834587
-0.966976143129213,-0.047711356141979855
-5.264656833237956,-2.279830833410381
-0.29756350335999193,1.3757068133116195
-0.025554070991445278,1.1727290192593647
4.955818520397332,4.814994485058937
-4.662397337924798,-5.411876966122468
5.807687844734721,4.83883976539433
-2.8669666253437334,-6.952087799522502
5.430236744179872,4.708461280715531
0.28586539072490497,0.334456789987025
-0.2949496782920278,1.2477420726737338
-1.1033666061738736,-2.152890592952483
4.209404648983933,5.447519157038058
0.5597904479310398,1.0807807255546218
4.758628238908984,4.523335695870644
0.12229750303228377,0.5432980290363879
-0.2573765374233451,-1.6685840738775894
5.2049093284642565,4.879371172690729
5.336286850601366,5.949940967447608
-5.4749453111609565,-5.653329232573712
-3.134225488855243,-4.5261670790882125
4.934371516453847,5.038425941479384
4.9833850046777695,4.89594157136373
-5.062679097273172,-4.044857679498762
-0.8353470532597573,2.1451491277733883
4.4281368963396694,5.0542798528882615
-0.4523063192490767,-2.4238793266289567
-4.04957616181395,-5.576903655662403
-0.5574917850078336,-1.3698029795790778
-1.8362053731032966,0.5079913269125437
5.476562522688043,5.256542710048646
-5.9649234605801045,-4.313948540001561
4.990645621777051,4.8057407734555575
5.500291159021489,4.664689895461677
0.8951932200277323,0.6351718016819695
-5.513866917336694,-6.059213521888951
-5.5736620068802365,-5.546858941240393
5.632853920432351,4.56691257589275
0.24938368371075526,1.5774532797634744
-4.72003137368018,-6.125489047298377
-0.6492775450660071,-1.2239402667622565
-5.530257618372441,-5.792872832262344
-0.006070911539893324,0.8384907744516419
5.696232650032164,4.8749767427005235
0.517659020469123,-0.7257438131534656
-0.6237689606958051,1.9140313538667861
5.245487475819125,5.367438893024909
5.056635205268882,4.280861010841317
4.7584694741582805,5.073396505992775
1.2130976999791834,0.14171691363990474
-1.2257656630023412,-1.4643748802098202
-4.7424496092772355,-5.074445915766168
-4.187474177605802,-3.6437599714291773
-1.2096947428411076,0.5999287299962045
1.3993554365860021,0.9246336829127688
5.598315743322826,4.6951085478403085
0.17770100093325383,-1.3353443587101013
-3.3675886960683648,-6.4301413779606325
3.9136652269929817,5.423710838575211
5.475153795986788,5.855306686290962
5.834952252175703,5.19733576491149
4.499834337697212,4.661127514737574
4.326436855235151,4.514192980744674
5.059790184207077,4.513465529559222
5.371047686004654,5.149646290203246
5.084230488134807,5.6587987678039795
4.933683126808713,4.512735347664679
-0.7019916878067554,-0.6629009175509482
-4.48496473279134,-4.486214049087791
1.5655240292343404,-0.0657502610729878
4.314049428534322,4.19321930106163
-5.217681203227221,-3.90122314801281
-7.025142586657607,-4.813545685230572
-5.553649305347182,-6.197877892588848
4.98673937037547,4.559062674386141
-0.949398888831943,2.632382064837391
4.55625391109895,4.781270849838295
0.26705026586925884,0.889630795623437
-5.822220395566432,-4.756312788508088
-0.3486521344078592,-0.3492577043184288
4.410480104420099,5.593839694230782
-5.108760148456858,-4.598288277901059
-5.013497224737934,-6.057710928955901
0.0438114719791096,-0.14700200162848862
4.767344771609974,4.947025822847932
0.632407739055521,0.9725544496267299
4.316560650792289,4.887617299053658
-5.981508651047951,-4.53789652573673
-1.0810565404082624,1.0531528533329035
4.415041582144856,3.5638688933591753
-3.916948756824723,-3.9461979479650973
5.270731364102394,5.379577580151324
5.033495358612436,5.25796960885205
0.15041890514357642,0.3649610024662254
0.7589285897867651,0.2811914239693758
4.693781312679781,5.180751762603051
-4.084597882297926,-4.6712488903403155
5.58656231879332,5.184821096099047
0.26739231407190295,0.3216978061960136
-3.1138140987894696,-4.825422187168161
-2.8560559106746743,-4.366080977681989
-4.703879722935424,-4.738944727820111
4.1582809038895245,4.597064966751906
1.4765403497258958,1.3800913541474515
6.031262459621573,4.466233542872864
5.293346900737637,4.762548171688738
-6.398567573819141,-4.437030763309429
5.420310013252276,5.2733667841006895
0.2110174672026184,-0.09671311187039239
-4.900348634912358,-5.503475654116199
-0.033126972873797095,1.7945578635177877
-0.4461834332147797,-1.889540730945531
5.097192150788668,4.823416853594656
-4.100400124566749,-4.692700479123391
-3.151043905054655,-3.8734349704522426
-3.969000477504049,-4.068719880883801
-5.234153374723336,-5.234136956949181
-4.42292787281946,-5.203045386042993
-5.763259156542517,-6.8048821006645195
5.079928195998701,4.486162429537021
5.282754822815772,4.1196186204220915
4.702169352978254,5.687219046585408
6.030751788318199,5.604183115296571
-5.471038305618323,-4.767950062642364
-0.3791277409874871,-0.20358036010236177
5.936648888108773,5.540024032857325
0.6078965097165392,0.1866091231563581
-5.012246772846915,-5.897254371485832
-4.986070708087054,-5.024125087110003
0.9190764829877686,-0.29027454418865134
5.277802233001724,5.044790340627625
4.84598285790713,5.38983026613467
-4.941791281554,-6.142970297830623
0.27157883719537346,-1.2767485758203094
5.361190678913886,4.813583423954117
-3.8207028159361736,-4.932481518589891
5.141643935773071,4.870547513147962
0.6454841811410754,2.16325472330546
-5.275051697151644,-7.301921164735585
-5.985726046335544,-4.495953484482156
4.766981749065879,4.202648466366602
0.010352619843380607,-1.3118362323501596
0.20838280794755248,-2.0417348684242906
-4.586565096776299,-3.1232041874419343
5.400204762613841,5.377145664906787
1.1081828167375165,-1.0399059271255309
1.5007597906343109,0.8502217421134929
-5.7737891991035735,-6.244654703311417
0.05963036992017413,-0.6469367777055739
4.767691351350804,5.10057982793642
4.7868212018972285,5.574222854598378
-4.8181337449415045,-4.751779413699664
-0.17495975669540864,-0.7557451594928447
5.199843975876321,4.674321553104085
4.595198240039177,5.212030522232045
4.4775954029894836,4.016821705311999
-1.243863235391285,-0.6929051977959073
5.214408250165286,5.346552803631572
0.2029230208512997,-1.515744114997232
5.399970950971025,4.191844695781706
4.218727071556729,4.735473661326853
-0.17262729994081963,0.8836599374866724
-0.04692057887918407,0.47704082722312147
-4.642212639651717,-4.439215473631766
5.126869830747287,5.233846585882716
-5.5305011476105275,-5.57581824064468
5.6191415357168175,5.010635788368031
5.516273102170828,5.563352568413792
-5.718444221252436,-5.213447151711847
4.60610812404588,4.689576200874442
5.376670810552266,5.190579192441389
5.169241921730846,4.852299294930486
-3.497642947903972,-4.925905219580224
3.9240922993353475,4.64042334037879
4.817339224343946,5.092340152932454
0.9382838059759977,-0.5160447282173739
-0.04946370965243295,0.6748194921666038
5.338962935669635,4.756044295927149
-0.24415663529064868,0.9640871682883573
0.03408346825922607,-0.7699732310586418
-3.820559879278713,-5.469175652104704
-4.14234037679798,-5.159938529963427
5.296778361140431,3.5298056826678597
-4.886482654748752,-4.3378693254789535
4.522438710325323,5.21179953279673
4.098430161872027,4.207932028497255
0.6337768809320985,0.41379909745149823
0.028744822934817487,1.2784518626072987
1.4205042479898549,-0.5707462937494763
3.7230394325490224,5.467159955619637
-3.8368362478450404,-4.989766938980413
-1.0651136630753726,-0.30522470435466764
1.6777008140764407,-0.5535882417079946
-0.6389617476895022,-1.3230897934074983
0.169360824036078,-1.4137144969049802
-0.6680904536430488,0.9920423495365228
5.074333728601056,4.83145701444098
-4.17458365101197,-4.186490363999361
3.9390725504957027,4.696089006452784
-5.230934530208678,-4.303793635186581
-0.07443342910004629,0.620672097550678
4.865734676047084,4.554403887292357
4.83261233394673,4.798175768379002
-4.723309200669981,-4.172816750963976
-1.2221278088919454,0.7129984301723881
-3.448848024477477,-4.8843253657071415
-5.459360899540244,-5.849844369464792
5.655154373059804,5.697841905394978
-5.446514952067021,-4.143601205676528
5.397132339810914,4.3728552884153755
-3.722335104211575,-5.59157138883583
5.2565528990880415,4.870226661208042
-5.127917591480767,-5.9555404406004255
2.5269324258736217,-0.5308687729203206
0.17989415115347845,1.3920022863445993
1.1055259329579838,1.1870303055603801
5.153703348904551,5.407868606269648
4.536323432904713,5.119184491367393
5.594456685737321,5.354151923600532
2.319329539981694,0.39331783939437187
-1.280429352496283,1.7547941819843647
4.487906587835398,5.927046283167094
5.256953924829458,5.089790890969799
3.7348562386268354,4.856997889059945
0.5583269125217224,0.0760053914124115
-4.932471795312076,-6.424748186213456
-0.5551995266931984,1.8811570694405901
4.9499229617600236,4.898163124911517
-1.2803043986708944,0.8724573282801447
-5.034711769705243,-6.168678037619532
-4.879704368288101,-4.485561165941251
-4.900667694570775,-4.248612876628211
5.498023842902908,4.621602455715269
-4.668736568596436,-4.024454872877641
-5.11564828238824,-5.301103695589289
5.435648648728622,4.327010159876625
1.0318445394686349,-1.485560373036972
4.382825564060039,4.703767870423553
5.255601299762491,5.686829272581479
2.2988981236192503,-0.36283856043965906
-5.0190162079026885,-6.002529364637809
-6.150993577422303,-4.6243019816543285
5.037716819450797,4.199017094051416
-4.675833647511558,-5.130143054367685
-0.6095122021592831,-0.186971302985446
0.30263546523903323,-0.7542758500193579
0.32135721545027307,0.42192075423528475
-0.30777823495300083,0.21915032766393897
-0.6763923020592697,1.8009404329108156
-5.908024075521211,-6.412303701335292
-6.236950710878082,-6.320456613084277
0.820482181197364,0.5072740311072977
1.0302834540318422,0.23878915902651351
-6.478521990367428,-5.719844208394709
-4.309856008288888,-5.4012204718858365
-0.34268759408034877,-0.37144086599579146
-5.47917423784529,-5.1856589766638175
5.154416506299482,5.851107472317619
-4.710225143103587,-2.924599201354561
-3.406813373360603,-5.511215676431185
5.146778966083315,4.321709097688298
-5.161285711666009,-4.595949143185462
-0.4344962274323156,-0.30917212346863937
-0.36244094140313216,-1.1196698946261439
4.989316352825782,4.626394160426088
-1.3793192280145272,-0.7309300399419191
4.8059115907293855,5.085208111187744
-5.11232804969083,-5.220969599533223
5.084327335983364,5.220970324784704
-5.335784699290128,-3.330978474710607
5.441554888573579,4.961081401493599
-0.06413834659299254,0.3287624103034804
-3.0352748670836105,-4.964736448028272
4.709738275097639,5.2942892022103045
-0.7050118557584089,-0.05576907765770601
-5.676922000305959,-4.388323711159132
1.613711269058647,0.45353430151397983
4.845395461475068,4.623921797204709
0.5387559924463692,-0.9206735930793662
-3.941575513150412,-6.7587394864231145
5.133563325505742,5.254362511614967
0.3686733088729012,-0.3933388123273607
-4.169664183455755,-5.8560838259088674
5.562056359993007,5.473763231061429
1.7359638031652493,0.1979107834626478
4.40318158412176,5.459577086805001
-2.6853414333264913,-6.8672651925917485
-4.775907518189583,-4.987407599218205
-5.544382724525183,-4.889077410290134
-1.5255251709247388,-0.6919080698812444
1.2065089665083568,-0.8169356709872361
-5.259591351363605,-6.503142953118106
4.686641387705017,5.43119673619138
4.9013307898463365,4.924363358173244
-0.025026958745143917,0.8177662992002871
-0.8583577801812136,0.7003098794089914
4.724070927053777,6.279099642834126
-5.818220683233473,-2.9076127243145398
-0.6115178029919482,-1.4066610968482223
1.3902075490173134,0.5578103063518622
4.447147665757032,4.892539484855632
-6.550663431066132,-4.931437025193973
-0.5503051538454201,-0.6716233679380516
5.175724103770792,5.535075119158214
-6.2002964070557764,-5.334501235840948
-4.036623870755678,-4.587219073063502
-0.1730718242838696,0.015579047581467534
-5.529760203767038,-4.486732566886644
-6.478586245779842,-3.856245956793071
4.778358874404245,4.55759864298655
5.310785944928026,4.815194831978183
-2.8468175424884437,-5.76734756288805
4.894434880586153,4.506410236424408
4.986242547474681,5.886125798334872
1.3842728185105182,0.5639091200523596
-2.081929407883722,1.6964563682900382
-4.478058434383103,-4.703015326766814
-0.037634702424848364,1.1033018820165215
4.514171632729357,4.310190917605535
1.5795721457307124,-0.5228600271532683
